Workbook

Sheet 설정값
A1: 실험 기본 설정값
A2: 노란 셀만 수정하세요. 다른 시트 수식이 자동으로 이 값을 참조합니다.
A3: 항목 | B3: 값 | C3: 비고
A4: 물의 비열 c (J/g°C) | B4: 4.2 | C4: 표준 물리 상수
A5: 가정 화력 P (W) | B5: 728 | C5: 실측 평균값 (뚜껑 개방·스테인리스·60초 가열, 5회: 570.5/630/791/777/871.5W). 편차가 커서(약 ±20%) 포스터 오차 고찰에 반드시 언급 권장
A6: 초기 물 온도 (°C) | B6: 25.8 | C6: 35회 실험 전 구간 실측 평균 초기 온도 (정수기 물)
A7: 목표 온도 (°C) | B7: 100 | C7: 물의 끓는점(해수면 기준)
A8: 뚜껑 여부 | B8: 열림(고정) | C8: 도기 냄비 실험 중 수증기 압력으로 뚜껑이 들썩여, 전 재질 공통으로 뚜껑 개방 조건으로 변경함
A10: 기준 이론값 (물 500ml, 위 조건 기준, 초) | B10: =(B4*500*(B7-B6))/B5 -> 214.03846

Sheet 실험기록
A1: 물 끓는점 도달 시간 — 실험 기록 시트
A2: 노란 칸(측정 소요시간, 육안 끓음 시간, 비고)만 채우세요. 화력 메모는 강불 고정이 기본이며, 다르면 해당 행만 수정하세요. 이론값·오차율은 자동 계산됩니다.
A4: 회차 | B4: 실험 그룹 | C4: 물의 양(ml) | D4: 냄비 재질 | E4: 초기 온도(°C) | F4: 뚜껑 | G4: 화력 눈금/사진 메모 | H4: 측정 소요시간(초) | I4: 이론값(초) | J4: 오차율(%) | K4: 비고 | L4: 육안 끓음 시간(초)
A5: 1 | B5: 물의 양 실험 | C5: 300 | D5: 스테인리스 | E5: =설정값!$B$6 -> 25.8 | F5: =설정값!$B$8 -> 열림(고정) | G5: 강불(고정) | H5: 170.15 | I5: =IF(C5="","",(설정값!$B$4*C5*(설정값!$B$7-E5))/설정값!$B$5) -> 128.42308 | J5: =IF(OR(H5="",I5=""),"",(H5-I5)/I5) -> 0.32491764 | L5: 149.86
A6: 2 | B6: 물의 양 실험 | C6: 300 | D6: 스테인리스 | E6: =설정값!$B$6 -> 25.8 | F6: =설정값!$B$8 -> 열림(고정) | G6: 강불(고정) | H6: 181.97 | I6: =IF(C6="","",(설정값!$B$4*C6*(설정값!$B$7-E6))/설정값!$B$5) -> 128.42308 | J6: =IF(OR(H6="",I6=""),"",(H6-I6)/I6) -> 0.41695717 | L6: 161.47
A7: 3 | B7: 물의 양 실험 | C7: 300 | D7: 스테인리스 | E7: =설정값!$B$6 -> 25.8 | F7: =설정값!$B$8 -> 열림(고정) | G7: 강불(고정) | H7: 189.16 | I7: =IF(C7="","",(설정값!$B$4*C7*(설정값!$B$7-E7))/설정값!$B$5) -> 128.42308 | J7: =IF(OR(H7="",I7=""),"",(H7-I7)/I7) -> 0.472944 | L7: 166.15
A8: 4 | B8: 물의 양 실험 | C8: 300 | D8: 스테인리스 | E8: =설정값!$B$6 -> 25.8 | F8: =설정값!$B$8 -> 열림(고정) | G8: 강불(고정) | H8: 189.1 | I8: =IF(C8="","",(설정값!$B$4*C8*(설정값!$B$7-E8))/설정값!$B$5) -> 128.42308 | J8: =IF(OR(H8="",I8=""),"",(H8-I8)/I8) -> 0.47247679 | L8: 159.63
A9: 5 | B9: 물의 양 실험 | C9: 300 | D9: 스테인리스 | E9: =설정값!$B$6 -> 25.8 | F9: =설정값!$B$8 -> 열림(고정) | G9: 강불(고정) | H9: 175.69 | I9: =IF(C9="","",(설정값!$B$4*C9*(설정값!$B$7-E9))/설정값!$B$5) -> 128.42308 | J9: =IF(OR(H9="",I9=""),"",(H9-I9)/I9) -> 0.3680563 | L9: 159.3
A10: 6 | B10: 물의 양 실험 | C10: 500 | D10: 스테인리스 | E10: =설정값!$B$6 -> 25.8 | F10: =설정값!$B$8 -> 열림(고정) | G10: 강불(고정) | H10: 278.37 | I10: =IF(C10="","",(설정값!$B$4*C10*(설정값!$B$7-E10))/설정값!$B$5) -> 214.03846 | J10: =IF(OR(H10="",I10=""),"",(H10-I10)/I10) -> 0.30056065 | L10: 231.3
A11: 7 | B11: 물의 양 실험 | C11: 500 | D11: 스테인리스 | E11: =설정값!$B$6 -> 25.8 | F11: =설정값!$B$8 -> 열림(고정) | G11: 강불(고정) | H11: 268.03 | I11: =IF(C11="","",(설정값!$B$4*C11*(설정값!$B$7-E11))/설정값!$B$5) -> 214.03846 | J11: =IF(OR(H11="",I11=""),"",(H11-I11)/I11) -> 0.25225157 | L11: 237.07
A12: 8 | B12: 물의 양 실험 | C12: 500 | D12: 스테인리스 | E12: =설정값!$B$6 -> 25.8 | F12: =설정값!$B$8 -> 열림(고정) | G12: 강불(고정) | H12: 246.67 | I12: =IF(C12="","",(설정값!$B$4*C12*(설정값!$B$7-E12))/설정값!$B$5) -> 214.03846 | J12: =IF(OR(H12="",I12=""),"",(H12-I12)/I12) -> 0.15245642 | L12: 219.78
A13: 9 | B13: 물의 양 실험 | C13: 500 | D13: 스테인리스 | E13: =설정값!$B$6 -> 25.8 | F13: =설정값!$B$8 -> 열림(고정) | G13: 강불(고정) | H13: 251 | I13: =IF(C13="","",(설정값!$B$4*C13*(설정값!$B$7-E13))/설정값!$B$5) -> 214.03846 | J13: =IF(OR(H13="",I13=""),"",(H13-I13)/I13) -> 0.17268643 | L13: 230.07
A14: 10 | B14: 물의 양 실험 | C14: 500 | D14: 스테인리스 | E14: =설정값!$B$6 -> 25.8 | F14: =설정값!$B$8 -> 열림(고정) | G14: 강불(고정) | H14: 250.35 | I14: =IF(C14="","",(설정값!$B$4*C14*(설정값!$B$7-E14))/설정값!$B$5) -> 214.03846 | J14: =IF(OR(H14="",I14=""),"",(H14-I14)/I14) -> 0.1696496 | L14: 230.43
A15: 11 | B15: 물의 양 실험 | C15: 700 | D15: 스테인리스 | E15: =설정값!$B$6 -> 25.8 | F15: =설정값!$B$8 -> 열림(고정) | G15: 강불(고정) | H15: 309.31 | I15: =IF(C15="","",(설정값!$B$4*C15*(설정값!$B$7-E15))/설정값!$B$5) -> 299.65385 | J15: =IF(OR(H15="",I15=""),"",(H15-I15)/I15) -> 0.032224361 | L15: 297.18
A16: 12 | B16: 물의 양 실험 | C16: 700 | D16: 스테인리스 | E16: =설정값!$B$6 -> 25.8 | F16: =설정값!$B$8 -> 열림(고정) | G16: 강불(고정) | H16: 311.31 | I16: =IF(C16="","",(설정값!$B$4*C16*(설정값!$B$7-E16))/설정값!$B$5) -> 299.65385 | J16: =IF(OR(H16="",I16=""),"",(H16-I16)/I16) -> 0.038898729 | L16: 293.23
... A19: 15 | B19: 물의 양 실험 | C19: 700 | D19: 스테인리스 | E19: =설정값!$B$6 -> 25.8 | F19: =설정값!$B$8 -> 열림(고정) | G19: 강불(고정) | H19: 305.25 | I19: =IF(C19="","",(설정값!$B$4*C19*(설정값!$B$7-E19))/설정값!$B$5) -> 299.65385 | J19: =IF(OR(H19="",I19=""),"",(H19-I19)/I19) -> 0.018675395 | L19: 298.12
A20: 16 | B20: 물의 양 실험 | C20: 1000 | D20: 스테인리스 | E20: =설정값!$B$6 -> 25.8 | F20: =설정값!$B$8 -> 열림(고정) | G20: 강불(고정) | H20: 353.75 | I20: =IF(C20="","",(설정값!$B$4*C20*(설정값!$B$7-E20))/설정값!$B$5) -> 428.07692 | J20: =IF(OR(H20="",I20=""),"",(H20-I20)/I20) -> -0.17362983 | K20: 육안 시간 누락
A21: 17 | B21: 물의 양 실험 | C21: 1000 | D21: 스테인리스 | E21: =설정값!$B$6 -> 25.8 | F21: =설정값!$B$8 -> 열림(고정) | G21: 강불(고정) | H21: 340.42 | I21: =IF(C21="","",(설정값!$B$4*C21*(설정값!$B$7-E21))/설정값!$B$5) -> 428.07692 | J21: =IF(OR(H21="",I21=""),"",(H21-I21)/I21) -> -0.20476909 | L21: 324.83
A22: 18 | B22: 물의 양 실험 | C22: 1000 | D22: 스테인리스 | E22: =설정값!$B$6 -> 25.8 | F22: =설정값!$B$8 -> 열림(고정) | G22: 강불(고정) | H22: 420.64 | I22: =IF(C22="","",(설정값!$B$4*C22*(설정값!$B$7-E22))/설정값!$B$5) -> 428.07692 | J22: =IF(OR(H22="",I22=""),"",(H22-I22)/I22) -> -0.017372866 | K22: 육안 시간 누락
A23: 19 | B23: 물의 양 실험 | C23: 1000 | D23: 스테인리스 | E23: =설정값!$B$6 -> 25.8 | F23: =설정값!$B$8 -> 열림(고정) | G23: 강불(고정) | H23: 400.76 | I23: =IF(C23="","",(설정값!$B$4*C23*(설정값!$B$7-E23))/설정값!$B$5) -> 428.07692 | J23: =IF(OR(H23="",I23=""),"",(H23-I23)/I23) -> -0.063813118 | L23: 387.76
A24: 20 | B24: 물의 양 실험 | C24: 1000 | D24: 스테인리스 | E24: =설정값!$B$6 -> 25.8 | F24: =설정값!$B$8 -> 열림(고정) | G24: 강불(고정) | H24: 419.61 | I24: =IF(C24="","",(설정값!$B$4*C24*(설정값!$B$7-E24))/설정값!$B$5) -> 428.07692 | J24: =IF(OR(H24="",I24=""),"",(H24-I24)/I24) -> -0.019778976 | L24: 398.7
A25: 21 | B25: 재질 실험 | C25: 500 | D25: 스테인리스 | E25: =설정값!$B$6 -> 25.8 | F25: =설정값!$B$8 -> 열림(고정) | G25: 강불(고정) | H25: 240.32 | I25: =IF(C25="","",(설정값!$B$4*C25*(설정값!$B$7-E25))/설정값!$B$5) -> 214.03846 | J25: =IF(OR(H25="",I25=""),"",(H25-I25)/I25) -> 0.12278886 | L25: 206.48
A26: 22 | B26: 재질 실험 | C26: 500 | D26: 알루미늄 | E26: =설정값!$B$6 -> 25.8 | F26: =설정값!$B$8 -> 열림(고정) | G26: 강불(고정) | H26: 291.58 | I26: =IF(C26="","",(설정값!$B$4*C26*(설정값!$B$7-E26))/설정값!$B$5) -> 214.03846 | J26: =IF(OR(H26="",I26=""),"",(H26-I26)/I26) -> 0.36227853 | L26: 235.8
A27: 23 | B27: 재질 실험 | C27: 500 | D27: 도기 | E27: =설정값!$B$6 -> 25.8 | F27: =설정값!$B$8 -> 열림(고정) | G27: 강불(고정) | H27: 501.78 | I27: =IF(C27="","",(설정값!$B$4*C27*(설정값!$B$7-E27))/설정값!$B$5) -> 214.03846 | J27: =IF(OR(H27="",I27=""),"",(H27-I27)/I27) -> 1.344345 | L27: 467.99
A28: 24 | B28: 재질 실험 | C28: 500 | D28: 알루미늄 | E28: =설정값!$B$6 -> 25.8 | F28: =설정값!$B$8 -> 열림(고정) | G28: 강불(고정) | H28: 253.76 | I28: =IF(C28="","",(설정값!$B$4*C28*(설정값!$B$7-E28))/설정값!$B$5) -> 214.03846 | J28: =IF(OR(H28="",I28=""),"",(H28-I28)/I28) -> 0.18558131 | L28: 230.04
A29: 25 | B29: 재질 실험 | C29: 500 | D29: 도기 | E29: =설정값!$B$6 -> 25.8 | F29: =설정값!$B$8 -> 열림(고정) | G29: 강불(고정) | H29: 511.72 | I29: =IF(C29="","",(설정값!$B$4*C29*(설정값!$B$7-E29))/설정값!$B$5) -> 214.03846 | J29: =IF(OR(H29="",I29=""),"",(H29-I29)/I29) -> 1.3907853 | L29: 464.96
A30: 26 | B30: 재질 실험 | C30: 500 | D30: 스테인리스 | E30: =설정값!$B$6 -> 25.8 | F30: =설정값!$B$8 -> 열림(고정) | G30: 강불(고정) | H30: 244 | I30: =IF(C30="","",(설정값!$B$4*C30*(설정값!$B$7-E30))/설정값!$B$5) -> 214.03846 | J30: =IF(OR(H30="",I30=""),"",(H30-I30)/I30) -> 0.13998203 | K30: 육안 시간 누락
A31: 27 | B31: 재질 실험 | C31: 500 | D31: 도기 | E31: =설정값!$B$6 -> 25.8 | F31: =설정값!$B$8 -> 열림(고정) | G31: 강불(고정) | H31: 536.77 | I31: =IF(C31="","",(설정값!$B$4*C31*(설정값!$B$7-E31))/설정값!$B$5) -> 214.03846 | J31: =IF(OR(H31="",I31=""),"",(H31-I31)/I31) -> 1.5078203 | L31: 505.02
A32: 28 | B32: 재질 실험 | C32: 500 | D32: 스테인리스 | E32: =설정값!$B$6 -> 25.8 | F32: =설정값!$B$8 -> 열림(고정) | G32: 강불(고정) | H32: 244.96 | I32: =IF(C32="","",(설정값!$B$4*C32*(설정값!$B$7-E32))/설정값!$B$5) -> 214.03846 | J32: =IF(OR(H32="",I32=""),"",(H32-I32)/I32) -> 0.14446721 | L32: 230.17
A33: 29 | B33: 재질 실험 | C33: 500 | D33: 알루미늄 | E33: =설정값!$B$6 -> 25.8 | F33: =설정값!$B$8 -> 열림(고정) | G33: 강불(고정) | H33: 253.73 | I33: =IF(C33="","",(설정값!$B$4*C33*(설정값!$B$7-E33))/설정값!$B$5) -> 214.03846 | J33: =IF(OR(H33="",I33=""),"",(H33-I33)/I33) -> 0.18544115 | L33: 222.04
A34: 30 | B34: 재질 실험 | C34: 500 | D34: 스테인리스 | E34: =설정값!$B$6 -> 25.8 | F34: =설정값!$B$8 -> 열림(고정) | G34: 강불(고정) | H34: 259 | I34: =IF(C34="","",(설정값!$B$4*C34*(설정값!$B$7-E34))/설정값!$B$5) -> 214.03846 | J34: =IF(OR(H34="",I34=""),"",(H34-I34)/I34) -> 0.21006289 | L34: 246.52
A35: 31 | B35: 재질 실험 | C35: 500 | D35: 알루미늄 | E35: =설정값!$B$6 -> 25.8 | F35: =설정값!$B$8 -> 열림(고정) | G35: 강불(고정) | H35: 270.95 | I35: =IF(C35="","",(설정값!$B$4*C35*(설정값!$B$7-E35))/설정값!$B$5) -> 214.03846 | J35: =IF(OR(H35="",I35=""),"",(H35-I35)/I35) -> 0.26589398 | L35: 231.27
A36: 32 | B36: 재질 실험 | C36: 500 | D36: 도기 | E36: =설정값!$B$6 -> 25.8 | F36: =설정값!$B$8 -> 열림(고정) | G36: 강불(고정) | H36: 520.17 | I36: =IF(C36="","",(설정값!$B$4*C36*(설정값!$B$7-E36))/설정값!$B$5) -> 214.03846 | J36: =IF(OR(H36="",I36=""),"",(H36-I36)/I36) -> 1.4302642 | L36: 502.18
A37: 33 | B37: 재질 실험 | C37: 500 | D37: 알루미늄 | E37: =설정값!$B$6 -> 25.8 | F37: =설정값!$B$8 -> 열림(고정) | G37: 강불(고정) | H37: 260.65 | I37: =IF(C37="","",(설정값!$B$4*C37*(설정값!$B$7-E37))/설정값!$B$5) -> 214.03846 | J37: =IF(OR(H37="",I37=""),"",(H37-I37)/I37) -> 0.21777179 | L37: 223.42
A38: 34 | B38: 재질 실험 | C38: 500 | D38: 도기 | E38: =설정값!$B$6 -> 25.8 | F38: =설정값!$B$8 -> 열림(고정) | G38: 강불(고정) | H38: 513.63 | I38: =IF(C38="","",(설정값!$B$4*C38*(설정값!$B$7-E38))/설정값!$B$5) -> 214.03846 | J38: =IF(OR(H38="",I38=""),"",(H38-I38)/I38) -> 1.3997089 | K38: 육안 시간 누락
A39: 35 | B39: 재질 실험 | C39: 500 | D39: 스테인리스 | E39: =설정값!$B$6 -> 25.8 | F39: =설정값!$B$8 -> 열림(고정) | G39: 강불(고정) | H39: 232.98 | I39: =IF(C39="","",(설정값!$B$4*C39*(설정값!$B$7-E39))/설정값!$B$5) -> 214.03846 | J39: =IF(OR(H39="",I39=""),"",(H39-I39)/I39) -> 0.088495957 | L39: 220.22

Sheet 요약
A1: 실험 결과 요약 (데이터 입력 시 자동 계산)
A3: 1. 물의 양 → 끓는 시간 회귀분석 (재질: 스테인리스 고정, n=20)
A4: 기울기 a (시간/ml) | B4: =IFERROR(SLOPE(실험기록!$H$5:$H$24,실험기록!$C$5:$C$24),"데이터 입력 후 자동계산") -> 0.28889439
A5: 절편 b (초) | B5: =IFERROR(INTERCEPT(실험기록!$H$5:$H$24,실험기록!$C$5:$C$24),"데이터 입력 후 자동계산") -> 104.2105
A6: 상관계수 r | B6: =IFERROR(CORREL(실험기록!$H$5:$H$24,실험기록!$C$5:$C$24),"데이터 입력 후 자동계산") -> 0.96533562
A7: 결정계수 R² | B7: =IFERROR(RSQ(실험기록!$H$5:$H$24,실험기록!$C$5:$C$24),"데이터 입력 후 자동계산") -> 0.93187286
A9: → 회귀식: y = a×(물의 양) + b (y = 끓는 시간(초))
A11: 2. 냄비 재질별 평균 소요시간 및 보정계수 (물의 양: 500ml 고정, n=5 each)
A12: 재질 | B12: 평균 소요시간(초) | C12: 표준편차 | D12: 보정계수(실측/이론)
A13: 스테인리스 | B13: =IFERROR(AVERAGEIFS(실험기록!$H$25:$H$39,실험기록!$D$25:$D$39,"스테인리스"),"") -> 244.252 | C13: =IF(COUNTIFS(실험기록!$D$25:$D$39,"스테인리스",실험기록!$H$25:$H$39,"<>")<2,"",SQRT(SUMPRODUCT((실험기록!$D$25:$D$39="스테인리스")*(실험기록!$H$25:$H$39<>"")*(실험기록!$H$25:$H$39-B13)^2)/(COUNTIFS(실험기록!$D$25:$D$39,"스테인리스",실험기록!$H$25:$H$39,"<>")-1))) -> 9.4945627 | D13: =IFERROR(B13/설정값!$B$10,"") -> 1.1411594
A14: 알루미늄 | B14: =IFERROR(AVERAGEIFS(실험기록!$H$25:$H$39,실험기록!$D$25:$D$39,"알루미늄"),"") -> 266.134 | C14: =IF(COUNTIFS(실험기록!$D$25:$D$39,"알루미늄",실험기록!$H$25:$H$39,"<>")<2,"",SQRT(SUMPRODUCT((실험기록!$D$25:$D$39="알루미늄")*(실험기록!$H$25:$H$39<>"")*(실험기록!$H$25:$H$39-B14)^2)/(COUNTIFS(실험기록!$D$25:$D$39,"알루미늄",실험기록!$H$25:$H$39,"<>")-1))) -> 15.872477 | D14: =IFERROR(B14/설정값!$B$10,"") -> 1.2433934
A15: 도기 | B15: =IFERROR(AVERAGEIFS(실험기록!$H$25:$H$39,실험기록!$D$25:$D$39,"도기"),"") -> 516.814 | C15: =IF(COUNTIFS(실험기록!$D$25:$D$39,"도기",실험기록!$H$25:$H$39,"<>")<2,"",SQRT(SUMPRODUCT((실험기록!$D$25:$D$39="도기")*(실험기록!$H$25:$H$39<>"")*(실험기록!$H$25:$H$39-B15)^2)/(COUNTIFS(실험기록!$D$25:$D$39,"도기",실험기록!$H$25:$H$39,"<>")-1))) -> 12.957744 | D15: =IFERROR(B15/설정값!$B$10,"") -> 2.4145847
A17: 보정계수 = 재질별 평균 실측시간 ÷ 설정값 시트의 '기준 이론값(500ml)'
A19: 각 재질당 측정값이 2개 이상 입력되어야 표준편차가 계산됩니다.
